section,cats or dogs?
NEU340(56445),dogs 🐶
NEU340(56445),dogs 🐶
NEU340(56445),dogs 🐶
NEU340(56445),cats 🐱
NEU340(56445),i love both equally! 🐶🐱
NEU340(56445),cats 🐱
NEU340(56445),cats 🐱
NEU340(56445),i love both equally! 🐶🐱
NEU340(56445),i love both equally! 🐶🐱
NEU340(56445),i love both equally! 🐶🐱
NEU340(56445),dogs 🐶
NEU340(56445),neither! no thanks! 😬
NEU340(56445),dogs 🐶
NEU340(56445),dogs 🐶
NEU340(56445),dogs 🐶
NEU340(56445),dogs 🐶
NEU340(56445),cats 🐱
NEU340(56445),dogs 🐶
NEU340(56445),dogs 🐶
NEU340(56445),dogs 🐶
NEU340(56445),cats 🐱
NEU340(56445),dogs 🐶
NEU340(56445),cats 🐱
NEU340(56445),i love both equally! 🐶🐱
NEU340(56445),dogs 🐶
NEU340(56445),i love both equally! 🐶🐱
NEU340(56445),dogs 🐶
NEU340(56445),i love both equally! 🐶🐱
NEU340(56445),cats 🐱
NEU340(56445),dogs 🐶
NEU340(56445),i love both equally! 🐶🐱
NEU340(56445),i love both equally! 🐶🐱
NEU340(56445),dogs 🐶
NEU340(56445),dogs 🐶
NEU340(56445),dogs 🐶
NEU340(56445),dogs 🐶
NEU340(56445),cats 🐱
NEU340(56445),dogs 🐶
NEU340(56445),cats 🐱
NEU340(56445),neither! no thanks! 😬
NEU340(56445),i love both equally! 🐶🐱
NEU340(56445),i love both equally! 🐶🐱
NEU340(56445),dogs 🐶
NEU340(56445),i love both equally! 🐶🐱
NEU340(56445),dogs 🐶
NEU340(56445),dogs 🐶
NEU340(56445),dogs 🐶
NEU340(56445),dogs 🐶
NEU340(56445),dogs 🐶
NEU340(56445),dogs 🐶
NEU340(56445),dogs 🐶
NEU340(56445),cats 🐱
NEU340(56445),dogs 🐶
NEU340(56445),dogs 🐶
NEU340(56445),dogs 🐶
NEU340(56445),dogs 🐶
NEU340(56445),dogs 🐶
NEU340(56445),dogs 🐶
NEU340(56445),dogs 🐶
NEU340(56445),i love both equally! 🐶🐱
NEU340(56445),dogs 🐶
NEU340(56445),dogs 🐶
NEU340(56445),cats 🐱
NEU340(56445),i love both equally! 🐶🐱
NEU340(56445),dogs 🐶
NEU340(56445),i love both equally! 🐶🐱
NEU340(56445),cats 🐱
NEU340(56445),cats 🐱
NEU340(56445),dogs 🐶
NEU340(56445),dogs 🐶
NEU340(56445),dogs 🐶
NEU340(56445),dogs 🐶
NEU340(56445),i love both equally! 🐶🐱
NEU340(56445),i love both equally! 🐶🐱
NEU340(56445),dogs 🐶
NEU340(56445),dogs 🐶
NEU340(56445),dogs 🐶
NEU340(56445),dogs 🐶
NEU340(56445),i love both equally! 🐶🐱
NEU340(56445),cats 🐱
NEU340(56445),dogs 🐶
NEU340(56445),cats 🐱
NEU340(56445),dogs 🐶
NEU340(56445),cats 🐱
NEU340(56445),dogs 🐶
NEU340(56445),dogs 🐶
NEU340(56445),i love both equally! 🐶🐱
NEU340(56445),i love both equally! 🐶🐱
NEU340(56445),cats 🐱
NEU340(56445),cats 🐱
NEU340(56445),dogs 🐶
NEU340(56445),cats 🐱
NEU340(56445),dogs 🐶
NEU340(56445),dogs 🐶
NEU340(56445),dogs 🐶
NEU340(56445),dogs 🐶
NEU340(56445),dogs 🐶
NEU340(56445),cats 🐱
NEU340(56445),dogs 🐶
NEU340(56445),dogs 🐶
NEU340(56445),i love both equally! 🐶🐱
NEU340(56445),i love both equally! 🐶🐱
NEU340(56445),dogs 🐶
NEU340(56445),neither! no thanks! 😬
NEU340(56445),cats 🐱
NEU340(56445),i love both equally! 🐶🐱
NEU340(56445),cats 🐱
NEU340(56445),dogs 🐶
NEU340(56445),dogs 🐶
NEU340(56445),dogs 🐶
NEU340(56445),cats 🐱
NEU340(56445),dogs 🐶
NEU340(56445),dogs 🐶
NEU340(56445),dogs 🐶
NEU340(56445),dogs 🐶
NEU340(56445),dogs 🐶
NEU340(56445),dogs 🐶
NEU340(56445),i love both equally! 🐶🐱
NEU340(56445),dogs 🐶
NEU340(56445),cats 🐱
NEU340(56445),dogs 🐶
NEU340(56445),dogs 🐶
NEU340(56445),dogs 🐶
NEU340(56445),i love both equally! 🐶🐱
NEU340(56445),dogs 🐶
NEU340(56445),cats 🐱
NEU340(56445),dogs 🐶
NEU340(56445),dogs 🐶
NEU340(56445),dogs 🐶
NEU340(56445),cats 🐱
NEU340(56445),i love both equally! 🐶🐱
NEU340(56445),dogs 🐶
NEU340(56445),neither! no thanks! 😬
NEU340(56445),dogs 🐶
NEU340(56445),dogs 🐶
NEU340(56445),dogs 🐶
NEU340(56445),cats 🐱
NEU340(56445),dogs 🐶
NEU340(56445),i love both equally! 🐶🐱
NEU340(56445),dogs 🐶
NEU340(56450),dogs 🐶
NEU340(56450),cats 🐱
NEU340(56450),dogs 🐶
NEU340(56450),dogs 🐶
NEU340(56450),i love both equally! 🐶🐱
NEU340(56450),i love both equally! 🐶🐱
NEU340(56450),dogs 🐶
NEU340(56450),cats 🐱
NEU340(56450),i love both equally! 🐶🐱
NEU340(56450),dogs 🐶
NEU340(56450),i love both equally! 🐶🐱
NEU340(56450),cats 🐱
NEU340(56450),i love both equally! 🐶🐱
NEU340(56450),dogs 🐶
NEU340(56450),i love both equally! 🐶🐱
NEU340(56450),dogs 🐶
NEU340(56450),i love both equally! 🐶🐱
NEU340(56450),i love both equally! 🐶🐱
NEU340(56450),dogs 🐶
NEU340(56450),cats 🐱
NEU340(56450),dogs 🐶
NEU340(56450),cats 🐱
NEU340(56450),i love both equally! 🐶🐱
NEU340(56450),dogs 🐶
NEU340(56450),dogs 🐶
NEU340(56450),dogs 🐶
NEU340(56450),dogs 🐶
NEU340(56450),i love both equally! 🐶🐱
NEU340(56450),cats 🐱
NEU340(56450),i love both equally! 🐶🐱
NEU340(56450),i love both equally! 🐶🐱
NEU340(56450),cats 🐱
NEU340(56450),cats 🐱
NEU340(56450),cats 🐱
NEU340(56450),cats 🐱
NEU340(56450),dogs 🐶
NEU340(56450),dogs 🐶
NEU340(56450),dogs 🐶
NEU340(56450),dogs 🐶
NEU340(56450),i love both equally! 🐶🐱
NEU340(56450),cats 🐱
NEU340(56450),dogs 🐶
NEU340(56450),i love both equally! 🐶🐱
NEU340(56450),i love both equally! 🐶🐱
NEU340(56450),cats 🐱
NEU340(56450),cats 🐱
NEU340(56450),i love both equally! 🐶🐱
NEU340(56450),i love both equally! 🐶🐱
NEU340(56450),i love both equally! 🐶🐱
NEU340(56450),dogs 🐶
NEU340(56450),i love both equally! 🐶🐱
NEU340(56450),cats 🐱
NEU340(56450),cats 🐱
NEU340(56450),i love both equally! 🐶🐱
NEU340(56450),cats 🐱
NEU340(56450),cats 🐱
NEU340(56450),i love both equally! 🐶🐱
NEU340(56450),dogs 🐶
NEU340(56450),dogs 🐶
NEU340(56450),i love both equally! 🐶🐱
NEU340(56450),dogs 🐶
NEU340(56450),dogs 🐶
NEU340(56450),dogs 🐶
NEU340(56450),neither! no thanks! 😬
NEU340(56450),cats 🐱
NEU340(56450),dogs 🐶
NEU340(56450),cats 🐱
NEU340(56450),dogs 🐶
NEU340(56450),i love both equally! 🐶🐱
NEU340(56450),i love both equally! 🐶🐱
NEU340(56450),i love both equally! 🐶🐱
NEU340(56450),dogs 🐶
NEU340(56450),dogs 🐶
NEU340(56450),dogs 🐶
NEU340(56450),dogs 🐶
NEU340(56450),dogs 🐶
NEU340(56450),i love both equally! 🐶🐱
NEU340(56450),cats 🐱
NEU340(56450),i love both equally! 🐶🐱
NEU340(56450),dogs 🐶
NEU340(56450),i love both equally! 🐶🐱
NEU340(56450),cats 🐱
NEU340(56450),cats 🐱
NEU340(56450),neither! no thanks! 😬
NEU340(56450),i love both equally! 🐶🐱
NEU340(56450),dogs 🐶
NEU340(56450),dogs 🐶
NEU340(56450),dogs 🐶
NEU340(56450),dogs 🐶
NEU340(56450),i love both equally! 🐶🐱
NEU340(56450),cats 🐱
NEU340(56450),dogs 🐶
NEU340(56450),i love both equally! 🐶🐱
NEU340(56450),cats 🐱
NEU340(56450),i love both equally! 🐶🐱
NEU340(56450),i love both equally! 🐶🐱
