section,foods
NEU340(56445),"ramen noodle soup 游꼪,pineapple on pizza 游꼜游꼣,green olives 游"
NEU340(56450),"chocolate ice cream 游꼳,ramen noodle soup 游꼪,a giant steak 游볼"
NEU340(56445),"chocolate ice cream 游꼳,pineapple on pizza 游꼜游꼣"
NEU340(56445),"raw carrots 游볫,chocolate ice cream 游꼳,ramen noodle soup 游꼪,a giant steak 游볼,pineapple on pizza 游꼜游꼣"
NEU340(56445),"raw carrots 游볫,ramen noodle soup 游꼪"
NEU340(56450),"raw carrots 游볫,chocolate ice cream 游꼳,ramen noodle soup 游꼪"
NEU340(56445),"raw carrots 游볫,chocolate ice cream 游꼳,ramen noodle soup 游꼪,a giant steak 游볼"
NEU340(56445),"chocolate ice cream 游꼳,ramen noodle soup 游꼪,a giant steak 游볼,green olives 游"
NEU340(56445),"raw carrots 游볫,chocolate ice cream 游꼳,ramen noodle soup 游꼪,a giant steak 游볼"
NEU340(56450),"ramen noodle soup 游꼪,pineapple on pizza 游꼜游꼣"
NEU340(56445),"raw carrots 游볫,chocolate ice cream 游꼳,ramen noodle soup 游꼪,a giant steak 游볼,green olives 游"
NEU340(56445),"raw carrots 游볫,ramen noodle soup 游꼪,green olives 游"
NEU340(56445),"raw carrots 游볫,chocolate ice cream 游꼳,ramen noodle soup 游꼪"
NEU340(56450),chocolate ice cream 游꼳
NEU340(56445),"raw carrots 游볫,chocolate ice cream 游꼳,ramen noodle soup 游꼪,pineapple on pizza 游꼜游꼣"
NEU340(56445),"raw carrots 游볫,chocolate ice cream 游꼳,ramen noodle soup 游꼪,a giant steak 游볼,pineapple on pizza 游꼜游꼣,green olives 游"
NEU340(56450),"raw carrots 游볫,chocolate ice cream 游꼳,ramen noodle soup 游꼪,a giant steak 游볼,pineapple on pizza 游꼜游꼣"
NEU340(56445),"raw carrots 游볫,chocolate ice cream 游꼳,ramen noodle soup 游꼪,a giant steak 游볼"
NEU340(56450),"raw carrots 游볫,chocolate ice cream 游꼳,ramen noodle soup 游꼪,a giant steak 游볼,pineapple on pizza 游꼜游꼣"
NEU340(56450),"chocolate ice cream 游꼳,ramen noodle soup 游꼪,a giant steak 游볼"
NEU340(56450),raw carrots 游볫
NEU340(56450),"raw carrots 游볫,chocolate ice cream 游꼳,ramen noodle soup 游꼪,a giant steak 游볼,pineapple on pizza 游꼜游꼣"
NEU340(56445),"raw carrots 游볫,a giant steak 游볼"
NEU340(56445),"chocolate ice cream 游꼳,ramen noodle soup 游꼪,a giant steak 游볼"
NEU340(56445),"raw carrots 游볫,chocolate ice cream 游꼳,ramen noodle soup 游꼪,a giant steak 游볼,pineapple on pizza 游꼜游꼣,green olives 游"
NEU340(56450),"raw carrots 游볫,chocolate ice cream 游꼳,ramen noodle soup 游꼪,a giant steak 游볼,pineapple on pizza 游꼜游꼣"
NEU340(56445),"raw carrots 游볫,ramen noodle soup 游꼪,a giant steak 游볼,pineapple on pizza 游꼜游꼣"
NEU340(56445),"raw carrots 游볫,chocolate ice cream 游꼳,ramen noodle soup 游꼪,green olives 游"
NEU340(56445),ramen noodle soup 游꼪
NEU340(56450),"raw carrots 游볫,chocolate ice cream 游꼳,a giant steak 游볼,pineapple on pizza 游꼜游꼣"
NEU340(56445),"chocolate ice cream 游꼳,ramen noodle soup 游꼪"
NEU340(56450),"raw carrots 游볫,chocolate ice cream 游꼳,ramen noodle soup 游꼪,a giant steak 游볼,pineapple on pizza 游꼜游꼣,green olives 游"
NEU340(56450),"raw carrots 游볫,chocolate ice cream 游꼳,ramen noodle soup 游꼪,a giant steak 游볼,green olives 游"
NEU340(56445),"ramen noodle soup 游꼪,a giant steak 游볼,pineapple on pizza 游꼜游꼣"
NEU340(56450),"chocolate ice cream 游꼳,ramen noodle soup 游꼪,a giant steak 游볼,pineapple on pizza 游꼜游꼣"
NEU340(56445),"raw carrots 游볫,chocolate ice cream 游꼳,ramen noodle soup 游꼪,pineapple on pizza 游꼜游꼣,green olives 游"
NEU340(56445),"raw carrots 游볫,chocolate ice cream 游꼳,ramen noodle soup 游꼪"
NEU340(56445),"raw carrots 游볫,ramen noodle soup 游꼪"
NEU340(56450),"raw carrots 游볫,chocolate ice cream 游꼳,ramen noodle soup 游꼪,a giant steak 游볼,green olives 游"
NEU340(56450),"raw carrots 游볫,chocolate ice cream 游꼳,ramen noodle soup 游꼪,a giant steak 游볼"
NEU340(56450),"raw carrots 游볫,chocolate ice cream 游꼳,ramen noodle soup 游꼪,a giant steak 游볼,pineapple on pizza 游꼜游꼣"
NEU340(56445),"raw carrots 游볫,chocolate ice cream 游꼳,ramen noodle soup 游꼪,pineapple on pizza 游꼜游꼣,green olives 游"
NEU340(56450),chocolate ice cream 游꼳
NEU340(56445),"raw carrots 游볫,ramen noodle soup 游꼪"
NEU340(56450),"chocolate ice cream 游꼳,a giant steak 游볼,pineapple on pizza 游꼜游꼣"
NEU340(56445),"raw carrots 游볫,chocolate ice cream 游꼳,ramen noodle soup 游꼪,a giant steak 游볼,pineapple on pizza 游꼜游꼣"
NEU340(56445),"raw carrots 游볫,chocolate ice cream 游꼳,ramen noodle soup 游꼪"
NEU340(56450),"chocolate ice cream 游꼳,ramen noodle soup 游꼪,a giant steak 游볼"
NEU340(56450),"ramen noodle soup 游꼪,a giant steak 游볼,pineapple on pizza 游꼜游꼣,green olives 游"
NEU340(56450),"raw carrots 游볫,ramen noodle soup 游꼪,pineapple on pizza 游꼜游꼣"
NEU340(56450),"raw carrots 游볫,chocolate ice cream 游꼳,pineapple on pizza 游꼜游꼣,green olives 游"
NEU340(56445),"raw carrots 游볫,chocolate ice cream 游꼳,ramen noodle soup 游꼪,a giant steak 游볼,pineapple on pizza 游꼜游꼣,green olives 游"
NEU340(56445),"raw carrots 游볫,chocolate ice cream 游꼳,ramen noodle soup 游꼪,a giant steak 游볼,green olives 游"
NEU340(56445),chocolate ice cream 游꼳
NEU340(56450),ramen noodle soup 游꼪
NEU340(56450),"raw carrots 游볫,chocolate ice cream 游꼳,ramen noodle soup 游꼪,a giant steak 游볼"
NEU340(56445),"chocolate ice cream 游꼳,ramen noodle soup 游꼪,a giant steak 游볼,pineapple on pizza 游꼜游꼣"
NEU340(56445),"raw carrots 游볫,ramen noodle soup 游꼪,a giant steak 游볼,pineapple on pizza 游꼜游꼣"
NEU340(56445),"raw carrots 游볫,ramen noodle soup 游꼪,a giant steak 游볼"
NEU340(56450),"chocolate ice cream 游꼳,ramen noodle soup 游꼪,a giant steak 游볼,pineapple on pizza 游꼜游꼣"
NEU340(56445),"raw carrots 游볫,chocolate ice cream 游꼳,a giant steak 游볼,pineapple on pizza 游꼜游꼣"
NEU340(56445),"raw carrots 游볫,chocolate ice cream 游꼳,ramen noodle soup 游꼪,a giant steak 游볼"
NEU340(56450),"ramen noodle soup 游꼪,a giant steak 游볼,pineapple on pizza 游꼜游꼣,green olives 游"
NEU340(56450),"raw carrots 游볫,ramen noodle soup 游꼪,a giant steak 游볼,pineapple on pizza 游꼜游꼣"
NEU340(56445),"chocolate ice cream 游꼳,ramen noodle soup 游꼪,pineapple on pizza 游꼜游꼣"
NEU340(56445),"raw carrots 游볫,chocolate ice cream 游꼳,ramen noodle soup 游꼪"
NEU340(56450),"chocolate ice cream 游꼳,ramen noodle soup 游꼪,a giant steak 游볼"
NEU340(56445),"raw carrots 游볫,chocolate ice cream 游꼳,ramen noodle soup 游꼪,a giant steak 游볼,pineapple on pizza 游꼜游꼣,green olives 游"
NEU340(56450),a giant steak 游볼
NEU340(56445),"raw carrots 游볫,ramen noodle soup 游꼪"
NEU340(56445),"raw carrots 游볫,chocolate ice cream 游꼳,ramen noodle soup 游꼪,a giant steak 游볼,pineapple on pizza 游꼜游꼣,green olives 游"
NEU340(56445),"raw carrots 游볫,chocolate ice cream 游꼳,ramen noodle soup 游꼪,a giant steak 游볼,pineapple on pizza 游꼜游꼣,green olives 游"
NEU340(56450),"chocolate ice cream 游꼳,ramen noodle soup 游꼪"
NEU340(56450),"raw carrots 游볫,chocolate ice cream 游꼳,ramen noodle soup 游꼪"
NEU340(56445),"raw carrots 游볫,chocolate ice cream 游꼳,ramen noodle soup 游꼪"
NEU340(56445),"raw carrots 游볫,a giant steak 游볼,green olives 游"
NEU340(56445),"chocolate ice cream 游꼳,ramen noodle soup 游꼪,pineapple on pizza 游꼜游꼣"
NEU340(56445),"raw carrots 游볫,a giant steak 游볼"
NEU340(56450),ramen noodle soup 游꼪
NEU340(56445),"chocolate ice cream 游꼳,ramen noodle soup 游꼪,a giant steak 游볼"
NEU340(56445),"raw carrots 游볫,chocolate ice cream 游꼳,ramen noodle soup 游꼪"
NEU340(56450),"chocolate ice cream 游꼳,ramen noodle soup 游꼪,pineapple on pizza 游꼜游꼣"
NEU340(56450),"a giant steak 游볼,pineapple on pizza 游꼜游꼣"
NEU340(56445),raw carrots 游볫
NEU340(56445),"chocolate ice cream 游꼳,ramen noodle soup 游꼪,a giant steak 游볼,pineapple on pizza 游꼜游꼣"
NEU340(56450),"raw carrots 游볫,chocolate ice cream 游꼳,green olives 游"
NEU340(56445),"raw carrots 游볫,chocolate ice cream 游꼳,a giant steak 游볼"
NEU340(56450),"chocolate ice cream 游꼳,ramen noodle soup 游꼪,a giant steak 游볼"
NEU340(56450),"chocolate ice cream 游꼳,ramen noodle soup 游꼪,a giant steak 游볼,pineapple on pizza 游꼜游꼣"
NEU340(56445),"chocolate ice cream 游꼳,pineapple on pizza 游꼜游꼣"
NEU340(56445),"raw carrots 游볫,chocolate ice cream 游꼳,a giant steak 游볼,pineapple on pizza 游꼜游꼣,green olives 游"
NEU340(56450),"raw carrots 游볫,chocolate ice cream 游꼳,ramen noodle soup 游꼪,a giant steak 游볼,pineapple on pizza 游꼜游꼣"
NEU340(56445),chocolate ice cream 游꼳
NEU340(56445),"raw carrots 游볫,chocolate ice cream 游꼳,ramen noodle soup 游꼪,a giant steak 游볼,pineapple on pizza 游꼜游꼣"
NEU340(56445),"raw carrots 游볫,chocolate ice cream 游꼳,ramen noodle soup 游꼪,a giant steak 游볼"
NEU340(56450),"raw carrots 游볫,ramen noodle soup 游꼪"
NEU340(56445),"chocolate ice cream 游꼳,ramen noodle soup 游꼪,a giant steak 游볼,pineapple on pizza 游꼜游꼣"
NEU340(56445),"raw carrots 游볫,chocolate ice cream 游꼳,ramen noodle soup 游꼪,pineapple on pizza 游꼜游꼣"
NEU340(56445),"raw carrots 游볫,ramen noodle soup 游꼪,a giant steak 游볼,pineapple on pizza 游꼜游꼣"
NEU340(56450),"raw carrots 游볫,chocolate ice cream 游꼳,ramen noodle soup 游꼪"
NEU340(56450),chocolate ice cream 游꼳
NEU340(56450),"raw carrots 游볫,ramen noodle soup 游꼪"
NEU340(56450),"raw carrots 游볫,ramen noodle soup 游꼪,a giant steak 游볼"
NEU340(56445),"raw carrots 游볫,ramen noodle soup 游꼪,a giant steak 游볼,pineapple on pizza 游꼜游꼣"
NEU340(56445),"raw carrots 游볫,a giant steak 游볼"
NEU340(56450),"raw carrots 游볫,a giant steak 游볼"
NEU340(56450),chocolate ice cream 游꼳
NEU340(56450),"chocolate ice cream 游꼳,ramen noodle soup 游꼪,a giant steak 游볼"
NEU340(56450),"pineapple on pizza 游꼜游꼣,green olives 游"
NEU340(56445),"raw carrots 游볫,chocolate ice cream 游꼳,pineapple on pizza 游꼜游꼣"
NEU340(56445),"raw carrots 游볫,chocolate ice cream 游꼳,ramen noodle soup 游꼪,a giant steak 游볼,pineapple on pizza 游꼜游꼣,green olives 游"
NEU340(56450),"raw carrots 游볫,ramen noodle soup 游꼪,a giant steak 游볼"
NEU340(56445),"raw carrots 游볫,chocolate ice cream 游꼳,ramen noodle soup 游꼪,a giant steak 游볼,green olives 游"
NEU340(56445),"raw carrots 游볫,chocolate ice cream 游꼳,ramen noodle soup 游꼪,pineapple on pizza 游꼜游꼣"
NEU340(56445),"raw carrots 游볫,chocolate ice cream 游꼳,ramen noodle soup 游꼪,pineapple on pizza 游꼜游꼣,green olives 游"
NEU340(56450),"ramen noodle soup 游꼪,pineapple on pizza 游꼜游꼣"
NEU340(56445),"raw carrots 游볫,chocolate ice cream 游꼳,ramen noodle soup 游꼪,a giant steak 游볼,green olives 游"
NEU340(56445),"raw carrots 游볫,chocolate ice cream 游꼳,ramen noodle soup 游꼪"
NEU340(56450),"raw carrots 游볫,ramen noodle soup 游꼪,a giant steak 游볼,pineapple on pizza 游꼜游꼣"
NEU340(56445),"raw carrots 游볫,chocolate ice cream 游꼳,ramen noodle soup 游꼪,a giant steak 游볼,pineapple on pizza 游꼜游꼣,green olives 游"
NEU340(56450),"chocolate ice cream 游꼳,ramen noodle soup 游꼪,pineapple on pizza 游꼜游꼣,green olives 游"
NEU340(56445),"raw carrots 游볫,chocolate ice cream 游꼳,ramen noodle soup 游꼪,a giant steak 游볼,pineapple on pizza 游꼜游꼣,green olives 游"
NEU340(56450),"raw carrots 游볫,chocolate ice cream 游꼳,ramen noodle soup 游꼪,a giant steak 游볼"
NEU340(56450),"chocolate ice cream 游꼳,ramen noodle soup 游꼪,a giant steak 游볼,pineapple on pizza 游꼜游꼣"
NEU340(56450),"chocolate ice cream 游꼳,ramen noodle soup 游꼪,a giant steak 游볼,pineapple on pizza 游꼜游꼣,green olives 游"
NEU340(56445),"raw carrots 游볫,chocolate ice cream 游꼳,ramen noodle soup 游꼪,pineapple on pizza 游꼜游꼣,green olives 游"
NEU340(56445),"raw carrots 游볫,chocolate ice cream 游꼳,ramen noodle soup 游꼪"
NEU340(56450),"chocolate ice cream 游꼳,ramen noodle soup 游꼪,pineapple on pizza 游꼜游꼣"
NEU340(56450),"chocolate ice cream 游꼳,ramen noodle soup 游꼪,pineapple on pizza 游꼜游꼣,green olives 游"
NEU340(56445),"raw carrots 游볫,pineapple on pizza 游꼜游꼣"
NEU340(56445),
NEU340(56445),raw carrots 游볫
NEU340(56450),"raw carrots 游볫,a giant steak 游볼"
NEU340(56445),"raw carrots 游볫,chocolate ice cream 游꼳,ramen noodle soup 游꼪,a giant steak 游볼"
NEU340(56450),"raw carrots 游볫,chocolate ice cream 游꼳,ramen noodle soup 游꼪,a giant steak 游볼"
NEU340(56450),chocolate ice cream 游꼳
NEU340(56445),"raw carrots 游볫,pineapple on pizza 游꼜游꼣"
NEU340(56450),"raw carrots 游볫,ramen noodle soup 游꼪,a giant steak 游볼,pineapple on pizza 游꼜游꼣,green olives 游"
NEU340(56445),chocolate ice cream 游꼳
NEU340(56445),"raw carrots 游볫,chocolate ice cream 游꼳,ramen noodle soup 游꼪,a giant steak 游볼"
NEU340(56445),"raw carrots 游볫,chocolate ice cream 游꼳,ramen noodle soup 游꼪"
NEU340(56445),"raw carrots 游볫,chocolate ice cream 游꼳,ramen noodle soup 游꼪,pineapple on pizza 游꼜游꼣,green olives 游"
NEU340(56445),"raw carrots 游볫,chocolate ice cream 游꼳,ramen noodle soup 游꼪,a giant steak 游볼"
NEU340(56450),"raw carrots 游볫,chocolate ice cream 游꼳,ramen noodle soup 游꼪,pineapple on pizza 游꼜游꼣"
NEU340(56445),"chocolate ice cream 游꼳,ramen noodle soup 游꼪"
NEU340(56445),"raw carrots 游볫,chocolate ice cream 游꼳,ramen noodle soup 游꼪,a giant steak 游볼,green olives 游"
NEU340(56445),"raw carrots 游볫,ramen noodle soup 游꼪"
NEU340(56450),"raw carrots 游볫,a giant steak 游볼,green olives 游"
NEU340(56445),"raw carrots 游볫,chocolate ice cream 游꼳,pineapple on pizza 游꼜游꼣"
NEU340(56450),"chocolate ice cream 游꼳,ramen noodle soup 游꼪,a giant steak 游볼"
NEU340(56445),"raw carrots 游볫,chocolate ice cream 游꼳,ramen noodle soup 游꼪"
NEU340(56450),"raw carrots 游볫,chocolate ice cream 游꼳,ramen noodle soup 游꼪,a giant steak 游볼"
NEU340(56445),"chocolate ice cream 游꼳,ramen noodle soup 游꼪,a giant steak 游볼"
NEU340(56450),"raw carrots 游볫,ramen noodle soup 游꼪,a giant steak 游볼"
NEU340(56450),"chocolate ice cream 游꼳,ramen noodle soup 游꼪,a giant steak 游볼"
NEU340(56450),"chocolate ice cream 游꼳,ramen noodle soup 游꼪,pineapple on pizza 游꼜游꼣"
NEU340(56450),"chocolate ice cream 游꼳,ramen noodle soup 游꼪,a giant steak 游볼"
NEU340(56450),"chocolate ice cream 游꼳,ramen noodle soup 游꼪,a giant steak 游볼"
NEU340(56445),"raw carrots 游볫,chocolate ice cream 游꼳,ramen noodle soup 游꼪,a giant steak 游볼"
NEU340(56445),ramen noodle soup 游꼪
NEU340(56445),"raw carrots 游볫,chocolate ice cream 游꼳,ramen noodle soup 游꼪,a giant steak 游볼,green olives 游"
NEU340(56450),"chocolate ice cream 游꼳,ramen noodle soup 游꼪,pineapple on pizza 游꼜游꼣"
NEU340(56450),"chocolate ice cream 游꼳,a giant steak 游볼"
NEU340(56445),"raw carrots 游볫,chocolate ice cream 游꼳,ramen noodle soup 游꼪,a giant steak 游볼,pineapple on pizza 游꼜游꼣,green olives 游"
NEU340(56445),"raw carrots 游볫,pineapple on pizza 游꼜游꼣,green olives 游"
NEU340(56445),"raw carrots 游볫,chocolate ice cream 游꼳,ramen noodle soup 游꼪,pineapple on pizza 游꼜游꼣,green olives 游"
NEU340(56445),"chocolate ice cream 游꼳,green olives 游"
NEU340(56445),"chocolate ice cream 游꼳,green olives 游"
NEU340(56445),"raw carrots 游볫,ramen noodle soup 游꼪,pineapple on pizza 游꼜游꼣,green olives 游"
NEU340(56445),"ramen noodle soup 游꼪,a giant steak 游볼"
NEU340(56450),"raw carrots 游볫,chocolate ice cream 游꼳,ramen noodle soup 游꼪,a giant steak 游볼"
NEU340(56445),"chocolate ice cream 游꼳,ramen noodle soup 游꼪,pineapple on pizza 游꼜游꼣"
NEU340(56450),"raw carrots 游볫,chocolate ice cream 游꼳,ramen noodle soup 游꼪,a giant steak 游볼,green olives 游"
NEU340(56445),"chocolate ice cream 游꼳,a giant steak 游볼"
NEU340(56450),"ramen noodle soup 游꼪,a giant steak 游볼,pineapple on pizza 游꼜游꼣"
NEU340(56450),"chocolate ice cream 游꼳,pineapple on pizza 游꼜游꼣"
NEU340(56450),"raw carrots 游볫,chocolate ice cream 游꼳,ramen noodle soup 游꼪,green olives 游"
NEU340(56450),"chocolate ice cream 游꼳,ramen noodle soup 游꼪,a giant steak 游볼"
NEU340(56450),"chocolate ice cream 游꼳,ramen noodle soup 游꼪,a giant steak 游볼"
NEU340(56445),"raw carrots 游볫,chocolate ice cream 游꼳,a giant steak 游볼,pineapple on pizza 游꼜游꼣"
NEU340(56445),"chocolate ice cream 游꼳,ramen noodle soup 游꼪,green olives 游"
NEU340(56445),"raw carrots 游볫,chocolate ice cream 游꼳,ramen noodle soup 游꼪,a giant steak 游볼"
NEU340(56445),ramen noodle soup 游꼪
NEU340(56445),"ramen noodle soup 游꼪,pineapple on pizza 游꼜游꼣,green olives 游"
NEU340(56450),chocolate ice cream 游꼳
NEU340(56445),chocolate ice cream 游꼳
NEU340(56450),"raw carrots 游볫,chocolate ice cream 游꼳,ramen noodle soup 游꼪,pineapple on pizza 游꼜游꼣,green olives 游"
NEU340(56450),"ramen noodle soup 游꼪,a giant steak 游볼,green olives 游"
NEU340(56445),"chocolate ice cream 游꼳,ramen noodle soup 游꼪"
NEU340(56445),"chocolate ice cream 游꼳,ramen noodle soup 游꼪,a giant steak 游볼"
NEU340(56445),"raw carrots 游볫,chocolate ice cream 游꼳,ramen noodle soup 游꼪,a giant steak 游볼,pineapple on pizza 游꼜游꼣,green olives 游"
NEU340(56445),"ramen noodle soup 游꼪,a giant steak 游볼"
NEU340(56445),chocolate ice cream 游꼳
NEU340(56445),"raw carrots 游볫,ramen noodle soup 游꼪,pineapple on pizza 游꼜游꼣,green olives 游"
NEU340(56445),"raw carrots 游볫,ramen noodle soup 游꼪,pineapple on pizza 游꼜游꼣,green olives 游"
NEU340(56445),"chocolate ice cream 游꼳,ramen noodle soup 游꼪"
NEU340(56445),"raw carrots 游볫,ramen noodle soup 游꼪,pineapple on pizza 游꼜游꼣,green olives 游"
NEU340(56445),"chocolate ice cream 游꼳,ramen noodle soup 游꼪,green olives 游"
NEU340(56445),"chocolate ice cream 游꼳,ramen noodle soup 游꼪"
NEU340(56450),ramen noodle soup 游꼪
NEU340(56450),"raw carrots 游볫,chocolate ice cream 游꼳,ramen noodle soup 游꼪,pineapple on pizza 游꼜游꼣"
NEU340(56445),"raw carrots 游볫,pineapple on pizza 游꼜游꼣"
NEU340(56445),"chocolate ice cream 游꼳,ramen noodle soup 游꼪,green olives 游"
NEU340(56445),"raw carrots 游볫,ramen noodle soup 游꼪,a giant steak 游볼,pineapple on pizza 游꼜游꼣,green olives 游"
NEU340(56450),"raw carrots 游볫,chocolate ice cream 游꼳,ramen noodle soup 游꼪,pineapple on pizza 游꼜游꼣,green olives 游"
NEU340(56445),"raw carrots 游볫,chocolate ice cream 游꼳,ramen noodle soup 游꼪,pineapple on pizza 游꼜游꼣"
NEU340(56445),"raw carrots 游볫,chocolate ice cream 游꼳,ramen noodle soup 游꼪,pineapple on pizza 游꼜游꼣"
NEU340(56450),"raw carrots 游볫,ramen noodle soup 游꼪,a giant steak 游볼,pineapple on pizza 游꼜游꼣"
NEU340(56445),"ramen noodle soup 游꼪,a giant steak 游볼"
NEU340(56450),"ramen noodle soup 游꼪,a giant steak 游볼"
NEU340(56445),"raw carrots 游볫,ramen noodle soup 游꼪"
NEU340(56450),"raw carrots 游볫,chocolate ice cream 游꼳,ramen noodle soup 游꼪,green olives 游"
NEU340(56445),"chocolate ice cream 游꼳,a giant steak 游볼,green olives 游"
NEU340(56450),"raw carrots 游볫,chocolate ice cream 游꼳,ramen noodle soup 游꼪,a giant steak 游볼,green olives 游"
NEU340(56445),"raw carrots 游볫,chocolate ice cream 游꼳,ramen noodle soup 游꼪,green olives 游"
NEU340(56450),"raw carrots 游볫,a giant steak 游볼,pineapple on pizza 游꼜游꼣,green olives 游"
NEU340(56445),"chocolate ice cream 游꼳,ramen noodle soup 游꼪,a giant steak 游볼,green olives 游"
NEU340(56445),"chocolate ice cream 游꼳,pineapple on pizza 游꼜游꼣"
NEU340(56450),raw carrots 游볫
NEU340(56445),pineapple on pizza 游꼜游꼣
NEU340(56445),chocolate ice cream 游꼳
NEU340(56450),"raw carrots 游볫,chocolate ice cream 游꼳,ramen noodle soup 游꼪,a giant steak 游볼"
NEU340(56450),"chocolate ice cream 游꼳,ramen noodle soup 游꼪,a giant steak 游볼"
NEU340(56450),"raw carrots 游볫,a giant steak 游볼,pineapple on pizza 游꼜游꼣"
NEU340(56445),"raw carrots 游볫,chocolate ice cream 游꼳,ramen noodle soup 游꼪,pineapple on pizza 游꼜游꼣,green olives 游"
NEU340(56445),chocolate ice cream 游꼳
NEU340(56445),"raw carrots 游볫,chocolate ice cream 游꼳,ramen noodle soup 游꼪,pineapple on pizza 游꼜游꼣,green olives 游"
NEU340(56445),"ramen noodle soup 游꼪,pineapple on pizza 游꼜游꼣"
NEU340(56445),"raw carrots 游볫,ramen noodle soup 游꼪,a giant steak 游볼"
NEU340(56445),"chocolate ice cream 游꼳,ramen noodle soup 游꼪,a giant steak 游볼,pineapple on pizza 游꼜游꼣"
NEU340(56445),"chocolate ice cream 游꼳,a giant steak 游볼"
NEU340(56445),"a giant steak 游볼,pineapple on pizza 游꼜游꼣"
NEU340(56445),"chocolate ice cream 游꼳,ramen noodle soup 游꼪,a giant steak 游볼"
NEU340(56445),"chocolate ice cream 游꼳,ramen noodle soup 游꼪,a giant steak 游볼,pineapple on pizza 游꼜游꼣"
NEU340(56445),"ramen noodle soup 游꼪,a giant steak 游볼,pineapple on pizza 游꼜游꼣"
NEU340(56450),chocolate ice cream 游꼳
NEU340(56450),"raw carrots 游볫,chocolate ice cream 游꼳,ramen noodle soup 游꼪,a giant steak 游볼,pineapple on pizza 游꼜游꼣"
